batter,total_runs,innings_played,fours,sixes,strike_rate
V Kohli,8014,244,708,273,128.51
S Dhawan,6769,221,768,153,123.45
RG Sharma,6630,251,599,281,127.92
DA Warner,6567,184,663,236,135.43
SK Raina,5536,200,506,204,132.54
MS Dhoni,5243,228,363,252,132.84
AB de Villiers,5181,170,414,253,148.58
CH Gayle,4997,141,408,359,142.12
RV Uthappa,4954,197,481,182,126.15
KD Karthik,4843,233,466,161,131.35
KL Rahul,4689,122,400,187,131.05
AM Rahane,4642,171,479,103,120.32
F du Plessis,4571,138,422,166,133.07
SV Samson,4419,162,352,206,135.14
AT Rayudu,4348,185,359,173,124.58
G Gambhir,4217,151,492,59,119.67
SR Watson,3880,141,377,190,134.16
MK Pandey,3859,158,335,111,117.37
SA Yadav,3594,135,385,130,142.51
JC Buttler,3583,106,356,161,142.24
KA Pollard,3437,168,221,224,140.46
RR Pant,3297,110,298,154,143.6
YK Pathan,3222,153,263,161,138.05
Shubman Gill,3216,99,310,95,132.24
Q de Kock,3160,107,316,123,131.12
SS Iyer,3131,114,272,113,123.03
RA Jadeja,2959,180,215,107,124.43
WP Saha,2934,143,296,87,123.9
DA Miller,2924,123,207,134,134.68
BB McCullum,2882,109,293,130,126.85
PA Patel,2848,136,365,49,116.63
GJ Maxwell,2772,128,233,160,150.49
Yuvraj Singh,2754,126,218,149,124.78
V Sehwag,2728,104,334,106,148.83
MA Agarwal,2669,121,265,98,128.26
Ishan Kishan,2644,99,255,119,132.8
N Rana,2636,101,234,132,130.82
M Vijay,2619,105,247,91,118.61
HH Pandya,2534,128,189,137,139.69
SPD Smith,2495,93,226,60,124.81
SE Marsh,2489,69,269,78,130.11
AD Russell,2488,104,171,209,164.22
JH Kallis,2427,95,255,44,105.94
DR Smith,2385,88,245,117,132.28
RD Gaikwad,2380,65,217,91,133.63
SR Tendulkar,2334,78,296,29,114.19
RA Tripathi,2236,93,223,84,135.52
R Dravid,2174,82,269,28,113.35
KS Williamson,2132,76,187,64,122.95
AJ Finch,2092,90,214,78,123.35
AC Gilchrist,2069,80,239,92,133.05
JP Duminy,2029,75,126,79,120.77
MEK Hussey,1977,58,198,52,119.96
PP Shaw,1892,79,238,61,143.22
MP Stoinis,1866,88,150,91,136.6
DPMD Jayawardene,1808,78,200,40,118.79
N Pooran,1769,72,113,127,154.77
Mandeep Singh,1706,97,176,38,120.31
MK Tiwary,1695,83,156,40,113.83
KC Sangakkara,1687,68,195,27,118.47
AR Patel,1653,112,107,79,125.42
KH Pandya,1647,107,144,61,127.97
YBK Jaiswal,1607,52,199,64,146.76
JM Bairstow,1589,50,166,69,140.37
DJ Bravo,1560,110,120,66,125.1
D Padikkal,1559,64,170,42,117.84
NV Ojha,1554,94,121,79,114.26
SP Narine,1534,106,164,97,155.89
S Dube,1502,61,86,101,139.46
KK Nair,1496,68,161,39,125.5
SS Tiwary,1494,73,111,50,115.72
DJ Hooda,1466,96,96,61,125.3
S Badrinath,1441,65,154,28,115.74
EJG Morgan,1406,74,112,64,119.05
BJ Hodge,1400,63,122,43,121.42
Abhishek Sharma,1377,61,128,73,148.86
SC Ganguly,1349,56,137,42,101.73
CA Lynn,1329,42,132,66,136.45
VR Iyer,1326,49,121,61,132.6
DJ Hussey,1322,61,90,60,120.07
SO Hetmyer,1243,65,76,82,145.55
KM Jadhav,1208,81,102,40,119.37
R Parag,1173,58,84,60,129.04
MM Ali,1162,57,95,67,136.87
Tilak Varma,1156,38,90,58,139.28
TM Dilshan,1153,50,140,24,110.12
IK Pathan,1150,82,88,38,116.75
V Shankar,1115,58,80,45,125.28
ML Hayden,1107,32,121,44,131.94
M Vohra,1083,51,104,43,125.49
LMP Simmons,1079,29,109,44,122.89
B Sai Sudharsan,1034,25,95,32,134.29
LRPL Taylor,1017,54,66,46,120.07
R Tewatia,1013,65,84,47,128.55
KP Pietersen,1001,36,91,40,132.06
MC Henriques,1000,54,87,28,124.84
AK Markram,995,42,73,35,126.43
H Klaasen,993,32,56,64,161.99
Y Venugopal Rao,985,52,77,37,113.87
JA Morkel,975,67,61,55,136.94
A Symonds,974,36,74,41,124.71
CL White,971,45,76,38,125.45
LS Livingstone,939,39,66,66,154.19
BA Stokes,935,43,81,32,130.22
DP Conway,924,22,100,30,138.12
RK Singh,893,40,67,46,136.54
HH Gibbs,886,36,83,31,105.85
SM Curran,883,48,74,37,131.2
STR Binny,880,66,66,35,125.71
Harbhajan Singh,833,88,79,42,130.97
R Ashwin,800,89,61,28,114.61
RM Patidar,799,24,51,54,149.63
MS Bisla,798,39,93,23,108.28
Shakib Al Hasan,795,52,73,21,119.55
TM Head,772,25,76,40,168.56
ST Jayasuriya,768,30,84,39,134.03
P Simran Singh,756,34,78,41,143.18
GC Smith,739,29,94,9,106.95
JM Sharma,730,36,53,45,145.71
AD Mathews,724,41,44,29,120.87
C Green,707,28,62,32,149.79
TL Suman,676,39,55,26,115.16
AM Nayar,672,50,55,20,114.29
MR Marsh,665,36,48,38,125.0
GJ Bailey,663,36,59,19,120.11
TH David,659,35,38,46,158.03
E Lewis,654,26,62,36,131.06
PD Salt,653,21,74,34,169.61
A Badoni,634,35,46,24,125.54
PP Chawla,624,86,56,20,107.59
CH Morris,618,49,41,35,149.64
JJ Roy,614,21,75,21,133.48
JD Ryder,604,29,69,19,129.61
SN Khan,585,36,63,14,128.29
Abdul Samad,579,39,37,36,141.91
HM Amla,577,16,60,21,138.04
M Shahrukh Khan,553,37,35,37,133.9
Rashid Khan,545,58,39,38,153.52
CJ Anderson,538,29,40,31,123.39
Shahbaz Ahmed,536,37,28,25,114.78
RS Bopara,531,22,39,16,113.46
JP Faulkner,527,45,36,23,129.8
MK Lomror,527,35,33,30,135.48
PJ Cummins,515,39,33,34,143.45
M Manhas,514,38,43,10,105.76
Gurkeerat Singh,511,32,55,11,117.2
OA Shah,506,22,34,23,124.94
PC Valthaty,505,23,61,20,116.9
SW Billings,503,27,40,20,126.07
RR Rossouw,473,22,45,25,147.35
DT Christian,460,41,23,19,112.75
NLTC Perera,424,30,23,26,130.06
SA Asnodkar,423,19,56,10,120.17
Shashank Singh,423,19,33,25,155.51
JR Hopes,417,19,49,11,132.8
J Botha,409,28,39,5,112.36
LR Shukla,405,33,33,16,113.13
T Stubbs,405,17,26,26,169.46
AL Menaria,401,23,24,18,109.26
MV Boucher,394,23,32,13,123.9
CA Pujara,390,22,50,4,96.77
Azhar Mahmood,388,21,39,13,124.76
A Mishra,381,55,31,5,86.59
KR Mayers,379,13,38,22,137.32
Washington Sundar,378,38,32,9,110.85
DB Ravi Teja,375,25,35,9,115.38
S Sohal,368,20,34,18,118.33
P Negi,365,35,27,16,121.26
Abishek Porel,360,16,37,15,147.54
R Powell,360,22,21,28,141.73
DJ Mitchell,351,15,28,10,128.1
KV Sharma,351,39,20,17,114.71
N Wadhera,350,16,32,18,134.1
Dhruv Jurel,347,22,29,16,146.41
R Bhatia,342,47,24,13,117.93
P Kumar,340,57,22,17,105.26
AP Tare,339,27,40,11,118.95
J Fraser-McGurk,330,9,32,28,220.0
JEC Franklin,327,16,25,9,105.83
RN ten Doeschate,326,21,26,15,136.97
Anuj Rawat,318,21,26,14,115.22
R Vinay Kumar,310,42,21,9,107.27
SN Thakur,307,35,27,13,134.65
B Kumar,306,65,30,3,90.53
Lalit Yadav,305,21,27,7,101.33
DB Das,304,22,23,16,113.86
C de Grandhomme,303,21,18,18,132.31
Nithish Kumar Reddy,303,11,15,21,137.1
LA Pomersbach,302,16,25,13,120.32
UBT Chand,300,20,32,9,95.54
DJG Sammy,295,20,15,18,117.53
SP Goswami,293,21,32,3,95.44
Rahmanullah Gurbaz,289,13,24,19,126.75
Y Nagar,285,20,20,9,105.17
GH Vihari,284,23,23,1,85.8
VVS Laxman,282,20,33,5,104.06
A Ashish Reddy,280,23,16,15,142.86
B Chipli,280,21,28,7,109.38
MJ Lumb,278,12,45,6,140.4
PBB Rajapaksa,277,13,22,15,137.81
PK Garg,273,19,16,9,110.53
MJ Guptill,271,13,24,15,137.56
R Sathish,270,24,22,6,114.41
JO Holder,259,27,13,18,119.35
M Kaif,259,22,22,6,100.39
HV Patel,249,37,16,15,116.36
Atharva Taide,247,9,27,8,139.55
K Gowtham,247,27,15,17,155.35
SM Katich,241,11,26,8,126.18
BCJ Cutting,238,17,15,19,163.01
MD Mishra,237,17,24,8,111.27
Harpreet Brar,233,24,19,9,115.92
A Manohar,231,15,21,10,127.62
D Brevis,230,10,17,16,130.68
WG Jacks,230,8,16,18,172.93
R Ravindra,222,10,22,12,152.05
Mohammad Nabi,221,19,18,12,140.76
K Goel,218,16,17,9,91.21
AA Jhunjhunwala,217,15,19,5,99.54
R Dhawan,210,22,18,7,111.7
UT Yadav,208,48,16,9,98.58
K Rabada,206,28,16,8,99.52
CA Ingram,205,15,22,5,112.02
PD Collingwood,203,7,9,13,127.67
JC Archer,199,23,11,14,150.76
KS Bharat,199,8,12,8,118.45
SK Warne,198,27,14,6,90.41
JD Unadkat,197,27,16,7,115.88
SP Fleming,196,10,27,3,114.62
AS Raut,194,16,13,7,112.79
BJ Rohrer,193,8,21,5,132.19
Salman Butt,193,7,30,2,112.21
YV Takawale,192,10,26,3,104.92
HC Brook,190,11,23,4,119.5
Ashutosh Sharma,189,9,10,15,160.17
Bipul Sharma,187,17,11,9,150.81
FY Fazal,183,11,22,1,102.23
Kuldeep Yadav,183,32,16,3,81.7
MS Wade,183,14,23,2,98.92
SD Hope,183,9,12,12,146.4
Sikandar Raza,182,9,12,8,127.27
AC Voges,181,7,15,3,126.57
CR Brathwaite,181,14,10,16,150.83
S Gopal,180,22,19,2,104.05
AB Agarkar,179,18,13,5,111.88
C Munro,177,11,19,8,122.92
MF Maharoof,177,14,12,9,142.74
DH Yagnik,170,17,23,2,119.72
Ramandeep Singh,170,13,8,13,160.38
CM Gautam,169,13,17,6,106.96
DW Steyn,167,33,14,3,102.45
MG Johnson,167,28,10,7,99.4
MN van Wyk,167,5,19,1,123.7
PA Reddy,164,10,15,2,98.2
A Raghuvanshi,163,7,16,8,149.54
N Jagadeesan,162,10,21,2,104.52
MN Samuels,161,14,9,7,92.53
R McLaren,159,13,14,1,89.33
RE van der Merwe,159,15,11,8,110.42
AD Hales,148,6,13,6,124.37
D Wiese,148,11,12,7,140.95
SM Pollock,147,8,12,8,126.72
S Vidyut,145,8,21,3,126.09
Sachin Baby,144,11,11,5,117.07
N Saini,140,10,16,0,97.9
Naman Dhir,140,7,12,10,166.67
Anmolpreet Singh,139,9,19,3,118.8
S Anirudha,136,12,9,7,112.4
SB Styris,131,10,10,3,97.76
W Jaffer,130,8,14,3,100.78
RD Chahar,129,22,13,5,101.57
Kamran Akmal,128,6,13,8,164.1
P Dogra,127,12,4,5,90.07
TK Curran,127,10,10,3,117.59
UT Khawaja,127,6,14,3,120.95
M Morkel,126,20,11,5,135.48
SS Prabhudessai,126,10,11,4,111.5
BB Samantray,125,8,13,2,107.76
MC Juneja,125,7,11,1,93.28
B Lee,124,19,8,8,121.57
MM Sharma,124,28,9,4,90.51
AB McDonald,123,9,9,4,119.42
Harpreet Singh,123,8,10,3,103.36
DL Vettori,121,16,11,2,102.54
NK Patel,121,6,14,1,97.58
AC Blizzard,120,7,21,2,131.87
TG Southee,120,19,8,4,111.11
MW Short,117,6,15,4,118.18
Misbah-ul-Haq,117,8,10,6,142.68
RJ Harris,117,21,6,3,104.46
Z Khan,117,27,11,2,82.98
KK Cooper,116,12,9,8,165.71
Aman Hakim Khan,115,10,8,6,105.5
DJM Short,115,7,11,5,112.75
R Shepherd,115,9,7,10,169.12
M Kartik,113,14,7,1,103.67
DJ Harris,111,4,11,5,107.77
Mohammed Siraj,109,20,10,4,89.34
JDP Oram,106,11,6,5,96.36
LJ Wright,106,5,16,3,168.25
SE Rutherford,106,9,3,8,99.07
MA Starc,105,16,11,0,96.33
DS Kulkarni,104,20,7,2,92.04
RJ Quiney,103,7,12,3,98.1
MS Gony,99,15,6,8,130.26
SD Chitnis,99,8,10,2,107.61
CJ Ferguson,98,8,9,0,82.35
MJ Clarke,98,6,12,0,102.08
PN Mankad,97,5,13,2,129.33
Arshad Khan,96,6,5,6,143.28
DJ Jacobs,92,7,10,4,91.09
JDS Neesham,92,10,6,2,98.92
PR Shah,92,9,9,2,94.85
AJ Tye,91,13,6,5,115.19
RT Ponting,91,9,5,2,70.54
S Rana,91,8,9,1,110.98
AD Nath,90,10,7,2,90.91
Iqbal Abdulla,88,13,9,1,102.33
SL Malinga,88,20,6,5,85.44
AP Majumdar,87,4,7,2,112.99
Ankit Sharma,87,10,7,4,126.09
MJ McClenaghan,85,20,5,7,116.44
RE Levi,83,6,10,4,112.16
TA Boult,83,22,5,3,101.22
NM Coulter-Nile,82,16,7,4,109.33
CJ Jordan,81,12,3,3,100.0
LA Carseldine,81,5,11,0,114.08
Shahid Afridi,81,9,7,6,176.09
WPUJC Vaas,81,11,2,3,110.96
DL Chahar,80,12,2,6,131.15
RV Patel,80,7,6,2,105.26
AD Mascarenhas,79,11,5,1,100.0
CR Woakes,78,12,7,2,101.3
JR Philippe,78,5,9,1,97.5
B Akhil,76,11,5,5,133.33
IR Jaggi,76,7,6,0,76.0
TR Birt,75,5,9,2,127.12
Mohammed Shami,74,23,6,2,90.24
M Klinger,73,4,9,0,93.59
RR Sarwan,73,4,6,1,93.59
PWH de Silva,72,14,7,1,90.0
J Suchith,70,9,6,3,112.9
MJ Santner,70,11,4,3,90.91
AA Bilakhia,69,7,5,0,78.41
Vivrant Sharma,69,1,9,2,140.82
JJ Bumrah,68,26,5,1,85.0
LH Ferguson,68,7,6,2,141.67
RR Powar,67,9,6,1,104.69
HR Shokeen,66,5,9,0,98.51
M Jansen,66,12,5,2,92.96
R Sharma,66,19,5,3,85.71
GD Phillips,65,8,3,6,118.18
KA Jamieson,65,7,5,3,118.18
WD Parnell,65,13,4,1,75.58
Mohammad Hafeez,64,8,7,2,76.19
Anirudh Singh,63,4,6,1,91.3
A Flintoff,62,3,5,2,108.77
SP Jackson,61,8,5,1,107.02
S Aravind,59,10,7,0,100.0
MG Bracewell,58,4,6,1,118.37
I Sharma,57,21,4,2,80.28
Vishnu Vinod,56,6,3,3,96.55
WA Mota,56,8,2,0,73.68
M Rawat,55,11,4,1,78.57
Sandeep Sharma,54,25,4,0,73.97
A Chopra,53,6,7,0,70.67
DJ Willey,53,5,7,0,82.81
RP Singh,52,28,2,1,66.67
Shoaib Malik,52,5,5,0,106.12
KB Arun Karthik,51,8,4,1,96.23
OF Smith,51,6,1,5,102.0
R Rampaul,51,7,3,2,98.08
Sameer Rizvi,51,5,4,2,118.6
Shivam Mavi,51,11,4,2,87.93
Swapnil Singh,51,9,3,3,110.87
RV Gomez,50,9,5,1,94.34
VR Aaron,50,12,2,2,68.49
A Nortje,49,13,6,0,96.08
AG Paunikar,49,5,9,0,80.33
AS Yadav,49,6,5,2,122.5
SB Bangar,49,7,1,3,84.48
M Markande,48,10,5,1,109.09
T Kohler-Cadmore,48,3,7,1,88.89
Yashpal Singh,47,4,5,0,70.15
D Pretorius,44,5,3,3,157.14
DR Sams,44,13,1,3,91.67
PVD Chameera,43,7,3,3,134.38
Sunny Singh,43,5,6,1,138.71
AB Barath,42,3,5,1,97.67
Azmatullah Omarzai,42,4,2,2,123.53
SK Trivedi,42,14,3,1,68.85
A Nehra,41,17,3,1,65.08
Avesh Khan,41,9,3,3,164.0
BR Dunk,40,3,7,0,111.11
J Yadav,40,4,2,1,105.26
LPC Silva,40,3,5,1,148.15
Rasikh Salam,40,6,5,0,100.0
AUK Pathan,39,7,5,2,150.0
DJ Thornely,39,4,2,2,72.22
MM Patel,39,12,5,0,95.12
S Nadeem,39,20,2,0,44.32
Umar Gul,39,4,1,5,205.26
S Narwal,37,4,6,0,127.59
YS Chahal,37,17,0,0,41.57
AN Ahmed,36,6,4,1,133.33
Anureet Singh,36,8,2,1,76.6
Joginder Sharma,36,5,1,2,120.0
KW Richardson,36,4,2,1,92.31
L Balaji,36,13,2,1,72.0
Sohail Tanvir,36,5,3,1,116.13
A Kumble,35,15,3,0,71.43
B Sumanth,35,4,3,0,92.11
M Ashwin,35,12,2,1,70.0
A Mithun,34,6,4,1,130.77
AP Dole,34,2,3,1,147.83
L Ronchi,34,5,6,1,91.89
S Sreesanth,34,12,6,0,59.65
D Salunkhe,33,3,5,0,137.5
Imran Tahir,33,8,5,0,89.19
Navdeep Saini,33,7,3,0,86.84
SB Dubey,33,3,3,2,157.14
AT Carey,32,3,0,1,110.34
Basil Thampi,32,7,1,1,86.49
RJ Peterson,32,5,3,1,100.0
Ravi Bishnoi,32,14,2,0,61.54
NS Naik,31,4,2,0,58.49
S Sriram,31,2,3,0,81.58
T Taibu,31,3,3,0,119.23
Arshdeep Singh,29,11,4,0,69.05
J Syed Mohammad,29,5,4,0,107.41
VH Zol,29,2,3,1,111.54
SB Jakati,28,5,3,0,93.33
AS Joseph,27,5,3,0,84.38
AB Dinda,26,16,2,0,52.0
AS Rajpoot,26,7,2,1,63.41
AS Roy,26,6,3,0,108.33
DJ Malan,26,1,1,1,100.0
JM Kemp,26,2,1,1,104.0
MD Shanaka,26,3,2,1,100.0
NL McCullum,26,2,0,1,113.04
PJ Sangwan,26,14,1,0,55.32
TL Seifert,26,3,4,0,100.0
A Choudhary,25,3,1,1,125.0
CV Varun,25,10,2,0,51.02
Mohsin Khan,25,5,2,1,92.59
S Chanderpaul,25,3,4,0,75.76
Sanvir Singh,25,5,2,1,113.64
AJ Turner,24,6,0,2,77.42
ER Dwivedi,24,2,2,2,160.0
KC Cariappa,24,5,0,2,114.29
MA Khote,24,3,2,1,109.09
Tanush Kotian,24,1,3,0,75.0
AF Milne,23,6,0,1,74.19
BMAJ Mendis,23,3,0,0,85.19
J Arunkumar,23,3,5,0,95.83
P Dubey,23,2,2,0,69.7
SW Tait,23,5,1,1,88.46
Umran Malik,23,5,1,2,143.75
AU Rashid,22,2,2,1,129.41
GB Hogg,22,4,1,0,100.0
HE van der Dussen,22,3,2,0,88.0
KL Nagarkoti,22,7,1,0,64.71
SA Abbott,22,3,1,2,122.22
Yudhvir Singh,22,4,1,2,137.5
B Indrajith,21,3,2,0,67.74
DE Bollinger,21,4,1,1,91.3
TU Deshpande,21,4,2,1,140.0
AC Thomas,20,4,1,1,105.26
C Sakariya,20,7,3,0,64.52
M Muralitharan,20,9,1,0,66.67
NJ Maddinson,20,3,4,0,95.24
RR Raje,20,5,1,1,111.11
S Kaul,20,9,1,0,55.56
A Mukund,19,2,1,0,82.61
Akash Deep,19,3,2,1,158.33
DR Martyn,19,1,1,0,73.08
Gulbadin Naib,19,1,1,1,126.67
JR Hazlewood,19,6,1,0,65.52
NT Ellis,19,5,0,1,73.08
P Ray Barman,19,1,2,0,76.0
P Sahu,19,2,1,1,146.15
R Bishnoi,19,3,1,2,111.76
R Shukla,19,4,2,0,82.61
Y Gnaneswara Rao,19,1,3,0,105.56
BJ Haddin,18,1,2,1,163.64
DS Lehmann,18,2,3,0,94.74
Harmeet Singh,18,4,3,0,150.0
JJ van der Wath,18,3,1,1,105.88
KMA Paul,18,5,1,1,69.23
Naveen-ul-Haq,18,4,2,0,69.23
PV Tambe,18,6,1,0,46.15
Saurav Chauhan,18,3,1,1,112.5
Sumit Kumar,18,3,2,1,69.23
T Banton,18,2,1,1,81.82
JA Richardson,17,3,2,0,62.96
Parvez Rasool,17,4,1,0,85.0
AJ Hosein,16,1,1,1,145.45
CK Kapugedera,16,3,0,0,66.67
KS Sharma,16,3,1,0,64.0
PP Ojha,16,19,0,0,35.56
YV Dhull,16,3,1,0,69.57
A Zampa,15,5,1,0,60.0
C Madan,15,1,3,0,71.43
GR Napier,15,1,1,0,93.75
I Udana,15,4,1,1,136.36
JL Pattinson,15,2,2,0,115.38
SD Lad,15,1,1,1,115.38
VY Mahesh,15,5,0,0,53.57
Virat Singh,15,2,1,0,57.69
F Behardien,14,3,2,0,107.69
FA Allen,14,3,1,0,73.68
G Coetzee,14,5,0,1,63.64
MDKJ Perera,14,2,3,0,107.69
Vijaykumar Vyshak,14,4,0,1,107.69
Arjun Tendulkar,13,1,0,1,144.44
DR Shorey,13,2,0,1,65.0
DT Patil,13,2,1,0,100.0
KJ Abbott,13,3,0,1,162.5
Kartik Tyagi,13,6,1,0,81.25
Mustafizur Rahman,13,6,0,1,56.52
Noor Ahmad,13,5,2,0,72.22
R Sai Kishore,13,1,0,2,216.67
S Badree,13,5,0,0,52.0
AA Chavan,12,3,2,0,109.09
AR Bawne,12,1,1,0,100.0
DAJ Bracewell,12,1,1,0,133.33
DG Nalkande,12,2,0,1,100.0
K Upadhyay,12,2,0,1,133.33
Karanveer Singh,12,4,1,0,70.59
MA Wood,12,3,1,1,120.0
Mujeeb Ur Rahman,12,6,2,0,80.0
T Thushara,12,4,0,0,63.16
DNT Zoysa,11,2,1,0,122.22
M Ntini,11,2,2,0,57.89
RA Bawa,11,2,1,0,78.57
T Henderson,11,2,0,1,68.75
T Kohli,11,3,0,1,55.0
AG Murtaza,10,3,1,0,71.43
BB Sran,10,7,0,0,71.43
D du Preez,10,1,0,0,76.92
J Theron,10,4,1,0,76.92
JE Root,10,1,1,0,66.67
KAJ Roach,10,1,1,0,111.11
Mukesh Kumar,10,5,0,0,50.0
RK Bhui,10,4,0,0,37.04
SMSM Senanayake,10,4,0,0,58.82
TD Paine,10,2,0,0,34.48
X Thalaivan Sargunam,10,1,0,0,58.82
AA Kulkarni,9,2,2,0,112.5
AA Noffke,9,1,1,0,75.0
K Kartikeya,9,2,1,0,69.23
L Wood,9,1,0,1,300.0
M Prasidh Krishna,9,7,0,0,37.5
SM Harwood,9,2,0,0,64.29
VG Arora,9,7,0,0,52.94
CJ McKay,8,1,0,0,53.33
CK Langeveldt,8,2,0,1,88.89
D Ferreira,8,2,0,0,72.73
JPR Scantlebury-Searles,8,2,0,1,133.33
Jaskaran Singh,8,4,0,0,72.73
OC McCoy,8,1,0,1,160.0
P Chopra,8,1,2,0,133.33
TM Srivastava,8,3,0,0,72.73
TS Mills,8,5,0,1,57.14
AN Ghosh,7,2,1,0,87.5
Ankit Soni,7,3,0,1,77.78
I Malhotra,7,1,1,0,175.0
IS Sodhi,7,2,0,0,38.89
M Theekshana,7,2,0,1,100.0
Pankaj Singh,7,5,0,0,58.33
Simarjeet Singh,7,3,0,0,87.5
UA Birla,7,1,1,0,46.67
V Viyaskanth,7,1,0,0,140.0
VS Malik,7,2,1,0,100.0
BA Bhatt,6,2,0,1,85.71
DM Bravo,6,1,1,0,120.0
JP Behrendorff,6,2,0,0,66.67
Mukesh Choudhary,6,2,1,0,100.0
PSP Handscomb,6,1,0,0,50.0
SB Joshi,6,2,0,0,37.5
SH Johnson,6,3,1,0,85.71
SS Shaikh,6,1,1,0,85.71
Arshad Khan (2),5,1,1,0,125.0
B Laughlin,5,4,0,0,38.46
B Stanlake,5,1,1,0,250.0
KMDN Kulasekara,5,1,1,0,166.67
P Awana,5,5,0,0,35.71
SJ Srivastava,5,4,0,0,100.0
Shivam Sharma,5,2,1,0,166.67
A Chandila,4,2,0,0,57.14
A Dananjaya,4,1,0,0,80.0
A Tomar,4,1,1,0,50.0
A Uniyal,4,2,0,0,57.14
Akash Madhwal,4,1,0,0,80.0
CRD Fernando,4,2,0,0,133.33
DP Nannes,4,2,0,0,30.77
FH Edwards,4,2,0,0,80.0
GD McGrath,4,2,1,0,80.0
Liton Das,4,1,1,0,100.0
RS Sodhi,4,1,1,0,200.0
VRV Singh,4,2,1,0,133.33
BAW Mendis,3,3,0,0,50.0
D Kalyankrishna,3,1,0,0,37.5
Fazalhaq Farooqi,3,2,0,0,23.08
GC Viljoen,3,3,0,0,42.86
JE Taylor,3,2,0,0,75.0
Kamran Khan,3,1,0,0,60.0
Kumar Kushagra,3,3,0,0,42.86
Mohammad Asif,3,2,0,0,50.0
R Ninan,3,1,0,0,50.0
RJW Topley,3,1,0,0,50.0
S Tyagi,3,1,0,0,75.0
T Natarajan,3,2,0,0,60.0
Younis Khan,3,1,0,0,42.86
A Kamboj,2,1,0,0,100.0
A Singh,2,5,0,0,20.0
BR Sharath,2,1,0,0,40.0
GHS Garton,2,2,0,0,50.0
H Das,2,1,0,0,40.0
Harshit Rana,2,3,0,0,66.67
KP Appanna,2,3,0,0,50.0
Mashrafe Mortaza,2,1,0,0,100.0
Mohammad Ashraful,2,1,0,0,16.67
RG More,2,1,0,0,100.0
RJ Gleeson,2,1,0,0,100.0
RS Gavaskar,2,1,0,0,25.0
S Randiv,2,1,0,0,50.0
SB Wagh,2,2,0,0,66.67
Shivam Singh,2,1,0,0,66.67
Shoaib Akhtar,2,1,0,0,25.0
T Shamsi,2,1,0,0,50.0
VS Yeligati,2,1,0,0,100.0
Abdul Basith,1,1,0,0,100.0
BE Hendricks,1,2,0,0,33.33
DJ Muthuswami,1,1,0,0,33.33
DP Vijaykumar,1,1,0,0,100.0
HF Gurney,1,1,0,0,20.0
KA Maharaj,1,1,0,0,50.0
KK Ahmed,1,5,0,0,14.29
LB Williams,1,1,0,0,50.0
LE Plunkett,1,2,0,0,33.33
M de Lange,1,1,0,0,50.0
MJ Suthar,1,1,0,0,50.0
Mohit Rathee,1,1,0,0,50.0
NJ Rimmington,1,1,0,0,100.0
P Parameswaran,1,2,0,0,33.33
PM Sarvesh Kumar,1,1,0,0,50.0
SE Bond,1,1,0,0,50.0
SZ Mulani,1,1,0,0,100.0
Shoaib Ahmed,1,3,0,0,16.67
Abdur Razzak,0,1,0,0,0.0
C Nanda,0,1,0,0,0.0
IC Pandey,0,1,0,0,0.0
JL Denly,0,1,0,0,0.0
K Yadav,0,1,0,0,0.0
KM Asif,0,1,0,0,0.0
KR Sen,0,1,0,0,0.0
L Ablish,0,1,0,0,0.0
Mayank Dagar,0,1,0,0,0.0
ND Doshi,0,1,0,0,0.0
R Sanjay Yadav,0,1,0,0,0.0
RP Meredith,0,2,0,0,0.0
RR Bhatkal,0,1,0,0,0.0
S Kaushik,0,1,0,0,0.0
S Ladda,0,2,0,0,0.0
S Lamichhane,0,1,0,0,0.0
SS Cottrell,0,1,0,0,0.0
Sunny Gupta,0,1,0,0,0.0
U Kaul,0,1,0,0,0.0
V Pratap Singh,0,1,0,0,0.0
Y Prithvi Raj,0,1,0,0,0.0
YA Abdulla,0,1,0,0,0.0
Yash Dayal,0,1,0,0,0.0
